config,idle_ms_from,idle_ms_to,n,clock_0_0.5_median_ghz,clock_0_0.5_min_ghz,clock_0_0.5_max_ghz,clock_0.5_1_median_ghz,clock_1_2_median_ghz
even -> heavy,0,0.05,282,4.526,4.449,4.631,4.529,4.526
even -> heavy,0.05,0.3,145,4.529,4.495,4.617,4.531,4.526
even -> heavy,0.3,1,16,4.553,4.504,4.611,4.620,4.605
even -> heavy,8,,14,3.700,3.582,4.625,3.702,4.628
even -> light,0,0.05,240,4.526,4.471,4.623,4.531,4.625
even -> light,0.05,0.3,172,4.526,4.487,4.560,4.531,4.623
even -> light,0.3,1,62,4.529,4.465,4.631,4.605,4.623
rest -> heavy,0,0.05,114,3.583,3.576,4.628,3.585,4.628
rest -> heavy,0.05,0.3,189,3.583,3.578,4.631,3.586,4.628
rest -> heavy,0.3,1,111,3.583,3.578,4.628,3.585,4.628
rest -> heavy,1,2,65,3.702,3.579,4.628,4.628,4.628
rest -> light,0,0.05,126,3.583,3.578,4.634,3.586,4.628
rest -> light,0.05,0.3,139,3.583,3.579,4.634,3.586,4.628
rest -> light,0.3,1,128,3.583,3.579,4.628,4.620,4.628
rest -> light,1,2,53,3.586,3.579,4.634,4.103,4.628
rest -> light,2,4,1,3.702,3.702,3.702,4.623,4.628
rest -> light,8,,27,3.705,3.698,4.634,4.625,4.628
steady -> heavy,0,0.05,306,4.526,4.465,4.634,4.526,4.509
steady -> heavy,0.05,0.3,131,4.526,4.490,4.560,4.526,4.504
steady -> heavy,0.3,1,32,4.623,4.520,4.628,4.623,4.575
steady -> light,0,0.05,261,4.526,4.441,4.569,4.531,4.623
steady -> light,0.05,0.3,146,4.526,4.460,4.560,4.571,4.623
steady -> light,0.3,1,66,4.526,4.504,4.628,4.623,4.625
steady -> light,1,2,1,4.531,4.531,4.531,4.577,4.599
uneven -> heavy,0,0.05,29,4.625,4.620,4.628,4.628,4.628
uneven -> heavy,0.05,0.3,1,4.623,4.623,4.623,4.628,4.628
uneven -> heavy,0.3,1,30,4.628,4.577,4.628,4.628,4.628
uneven -> heavy,1,2,60,4.560,3.590,4.628,4.584,4.628
uneven -> heavy,2,4,119,3.694,3.581,4.634,4.554,4.623
uneven -> heavy,4,6,117,3.694,3.586,4.628,4.558,4.623
uneven -> heavy,6,8,91,3.694,3.579,4.628,4.554,4.623
uneven -> heavy,8,,29,3.694,3.576,4.623,3.702,4.623
"uneven -> heavy, 1 thread/core",0,0.05,30,4.628,4.560,4.634,4.628,4.628
"uneven -> heavy, 1 thread/core",1,2,30,4.623,3.698,4.634,4.625,4.628
"uneven -> heavy, 1 thread/core",2,4,60,3.702,3.698,4.631,3.705,4.628
"uneven -> heavy, 1 thread/core",4,6,60,3.702,3.698,4.634,3.705,4.628
"uneven -> heavy, 1 thread/core",6,8,30,3.702,3.700,4.628,3.705,4.628
"uneven -> heavy, 1 thread/core",8,,30,3.702,3.698,4.628,3.705,4.628
"uneven -> heavy, pre-spin 0.3 ms",0,0.05,30,4.628,4.623,4.634,4.628,4.628
"uneven -> heavy, pre-spin 0.3 ms",0.3,1,30,4.625,4.588,4.628,4.628,4.628
"uneven -> heavy, pre-spin 0.3 ms",1,2,57,4.599,3.586,4.628,4.623,4.628
"uneven -> heavy, pre-spin 0.3 ms",2,4,114,3.702,3.583,4.631,4.617,4.628
"uneven -> heavy, pre-spin 0.3 ms",4,6,114,3.702,3.586,4.634,4.617,4.628
"uneven -> heavy, pre-spin 0.3 ms",6,8,87,3.702,3.586,4.628,4.620,4.628
"uneven -> heavy, pre-spin 0.3 ms",8,,44,3.702,3.643,4.628,4.623,4.628
"uneven -> heavy, pre-spin 1 ms",0,0.05,29,4.628,4.588,4.628,4.628,4.609
"uneven -> heavy, pre-spin 1 ms",0.3,1,29,4.623,4.588,4.634,4.628,4.608
"uneven -> heavy, pre-spin 1 ms",1,2,57,4.623,4.167,4.634,4.628,4.605
"uneven -> heavy, pre-spin 1 ms",2,4,114,4.623,3.698,4.631,4.628,4.605
"uneven -> heavy, pre-spin 1 ms",4,6,116,4.623,3.702,4.634,4.628,4.605
"uneven -> heavy, pre-spin 1 ms",6,8,88,4.623,4.161,4.634,4.628,4.605
"uneven -> heavy, pre-spin 1 ms",8,,32,4.623,3.700,4.631,4.628,4.605
"uneven -> heavy, pre-spin 10 ms",0,0.05,27,4.628,4.617,4.628,4.623,4.605
"uneven -> heavy, pre-spin 10 ms",0.05,0.3,1,4.623,4.623,4.623,4.628,4.628
"uneven -> heavy, pre-spin 10 ms",0.3,1,29,4.623,4.617,4.628,4.628,4.605
"uneven -> heavy, pre-spin 10 ms",1,2,57,4.625,4.588,4.631,4.623,4.605
"uneven -> heavy, pre-spin 10 ms",2,4,115,4.625,4.560,4.634,4.623,4.605
"uneven -> heavy, pre-spin 10 ms",4,6,109,4.625,4.565,4.634,4.623,4.605
"uneven -> heavy, pre-spin 10 ms",6,8,88,4.625,4.611,4.634,4.625,4.605
"uneven -> heavy, pre-spin 10 ms",8,,42,4.623,3.233,4.634,4.602,4.599
"uneven -> heavy, pre-spin 2 ms",0,0.05,26,4.627,4.617,4.628,4.623,4.605
"uneven -> heavy, pre-spin 2 ms",0.05,0.3,4,4.627,4.563,4.631,4.623,4.605
"uneven -> heavy, pre-spin 2 ms",0.3,1,28,4.624,4.611,4.634,4.623,4.605
"uneven -> heavy, pre-spin 2 ms",1,2,58,4.625,4.582,4.634,4.623,4.605
"uneven -> heavy, pre-spin 2 ms",2,4,117,4.625,4.560,4.634,4.623,4.605
"uneven -> heavy, pre-spin 2 ms",4,6,112,4.628,4.574,4.634,4.623,4.602
"uneven -> heavy, pre-spin 2 ms",6,8,90,4.628,4.588,4.634,4.623,4.605
"uneven -> heavy, pre-spin 2 ms",8,,29,4.628,4.617,4.634,4.628,4.602
"uneven -> heavy, pre-spin 5 ms",0,0.05,28,4.625,4.617,4.634,4.623,4.605
"uneven -> heavy, pre-spin 5 ms",0.05,0.3,1,4.628,4.628,4.628,4.628,4.605
"uneven -> heavy, pre-spin 5 ms",0.3,1,30,4.625,4.608,4.634,4.623,4.605
"uneven -> heavy, pre-spin 5 ms",1,2,59,4.623,4.594,4.631,4.623,4.605
"uneven -> heavy, pre-spin 5 ms",2,4,109,4.625,4.588,4.634,4.617,4.605
"uneven -> heavy, pre-spin 5 ms",4,6,111,4.625,4.585,4.634,4.623,4.605
"uneven -> heavy, pre-spin 5 ms",6,8,89,4.623,4.577,4.634,4.623,4.605
"uneven -> heavy, pre-spin 5 ms",8,,28,4.628,4.588,4.634,4.623,4.605
uneven -> light,0,0.05,29,4.628,4.623,4.631,4.628,4.628
uneven -> light,0.05,0.3,1,4.628,4.628,4.628,4.623,4.628
uneven -> light,0.3,1,30,4.628,4.623,4.628,4.628,4.628
uneven -> light,1,2,60,4.623,3.698,4.634,4.624,4.628
uneven -> light,2,4,119,3.702,3.698,4.634,4.623,4.628
uneven -> light,4,6,119,3.704,3.698,4.634,4.167,4.628
uneven -> light,6,8,89,3.702,3.698,4.634,3.705,4.628
uneven -> light,8,,30,3.702,3.698,4.631,4.623,4.628
