set,config,trials,prev_last2_median_ghz,mid_2_10_min_ghz,mid_2_10_p25_ghz,mid_2_10_median_ghz,mid_2_10_max_ghz,r_prev_last2_vs_mid
power,stream uneven -> light,30,,3.357,3.986,4.316,4.628,
power,stream even -> int8,30,,4.104,4.158,4.173,4.224,
power,stream uneven -> fma-hot,30,,2.615,3.576,4.194,4.433,
power,"stream uneven -> int8, 1 thread/core",30,,0.544,0.839,1.195,3.382,
power,int8 steady -> int8,30,,4.011,4.030,4.035,4.101,
power,int8 uneven -> int8,30,,4.107,4.130,4.153,4.200,
power,rest -> fma-hot,30,,4.349,4.455,4.498,4.548,
power,"stream uneven -> int8, pre-spin 2 ms",30,,3.110,3.952,4.205,4.344,
power,stream uneven -> int8,30,,3.586,3.814,4.058,4.335,
power,light steady -> light,30,,4.628,4.628,4.628,4.628,
power,"int8 steady -> int8, 1 thread/core",30,,4.099,4.181,4.200,4.259,
power,rest -> int8,30,,4.254,4.326,4.354,4.423,
power,fma-hot steady -> fma-hot,30,,4.021,4.052,4.075,4.186,
stream,"stream even -> light, 1 thread/core",30,3.968,3.711,4.123,4.210,4.628,0.80
stream,"stream uneven -> int8, 1 thread/core",30,4.057,2.462,3.511,3.931,4.387,0.57
stream,"light steady -> light, 4 cores x1",30,4.630,4.628,4.628,4.628,4.634,0.11
stream,light steady -> light,30,4.601,4.599,4.599,4.599,4.605,-0.09
stream,"stream uneven -> light, 1 thread/core",30,4.057,3.059,4.035,4.259,4.628,0.48
stream,"stream uneven -> light, 1 thread/core, siblings spin",30,4.114,3.730,4.354,4.594,4.599,0.51
stream,"stream uneven -> light, 4 cores x2",30,4.200,3.662,4.110,4.433,4.599,0.37
stream,"stream uneven -> light, 4 cores x1",30,4.383,2.775,4.304,4.623,4.628,0.51
stream,"int8 uneven -> light, 1 thread/core",30,4.229,4.611,4.628,4.628,4.628,0.57
stream,stream uneven -> light,30,3.802,2.946,3.718,4.067,4.599,0.63
stream,"int8 steady -> int8, 1 thread/core",30,4.057,4.076,4.162,4.181,4.224,0.56
stream,"light steady -> light, 4 cores x2",30,4.601,4.599,4.599,4.599,4.605,-0.03
stream,"light steady -> light, 1 thread/core",30,4.628,4.611,4.628,4.628,4.628,0.10
stream,stream even -> light,30,4.091,2.844,3.871,4.256,4.599,0.81
trigger,stream uneven -> light,30,4.321,3.285,4.217,4.449,4.628,0.68
trigger,stream-l3 uneven -> light,30,3.484,3.484,3.693,3.758,4.177,0.47
trigger,"stream-slices uneven -> light, 1 thread/core",30,4.252,0.544,1.209,1.613,3.747,-0.10
trigger,light steady -> light,30,4.628,4.628,4.628,4.628,4.628,
trigger,"stream-l3 uneven -> light, 1 thread/core",30,3.662,3.436,3.829,4.030,4.421,0.51
trigger,stream-rw uneven -> light,30,4.605,4.628,4.628,4.628,4.628,
trigger,"light steady -> light, 1 thread/core",30,4.628,4.628,4.628,4.628,4.628,
trigger,"stream uneven -> light, lead 100 ms",30,3.855,2.461,3.881,4.130,4.628,0.52
trigger,chase uneven -> light,30,4.615,4.628,4.628,4.628,4.628,
trigger,"stream-slices uneven -> int8, 1 thread/core",30,,0.544,0.551,1.009,2.935,
trigger,"stream uneven -> light, 1 thread/core",30,4.011,3.064,3.649,3.982,4.628,0.51
trigger,"int8 steady -> int8, 1 thread/core",30,4.084,4.118,4.210,4.224,4.299,0.34
